product_id,attribute_id,value
1,2,Ultrabook
1,3,13.3
1,4,IPS Panel Retina Display 2560x1600
1,5,Intel
1,6,Core i5
1,7,2.3
1,8,8
1,9,128GB SSD
1,10,Intel
1,11,Iris Plus Graphics 640
1,12,macOS
1,13,1.37
2,2,Ultrabook
2,3,13.3
2,4,1440x900
2,5,Intel
2,6,Core i5
2,7,1.8
2,8,8
2,9,128GB Flash Storage
2,10,Intel
2,11,HD Graphics 6000
2,12,macOS
2,13,1.34
1,2,Ultrabook
1,3,15.4
1,4,IPS Panel Retina Display 2880x1800
1,5,Intel
1,6,Core i7
1,7,2.7
1,8,16
1,9,512GB SSD
1,10,AMD
1,11,Radeon Pro 455
1,12,macOS
1,13,1.83
1,2,Ultrabook
1,3,13.3
1,4,IPS Panel Retina Display 2560x1600
1,5,Intel
1,6,Core i5
1,7,3.1
1,8,8
1,9,256GB SSD
1,10,Intel
1,11,Iris Plus Graphics 650
1,12,macOS
1,13,1.37
1,2,Ultrabook
1,3,15.4
1,4,IPS Panel Retina Display 2880x1800
1,5,Intel
1,6,Core i7
1,7,2.2
1,8,16
1,9,256GB Flash Storage
1,10,Intel
1,11,Iris Pro Graphics
1,12,Mac OS X
1,13,2.04
2,2,Ultrabook
2,3,13.3
2,4,1440x900
2,5,Intel
2,6,Core i5
2,7,1.8
2,8,8
2,9,256GB Flash Storage
2,10,Intel
2,11,HD Graphics 6000
2,12,macOS
2,13,1.34
1,2,Ultrabook
1,3,15.4
1,4,IPS Panel Retina Display 2880x1800
1,5,Intel
1,6,Core i7
1,7,2.8
1,8,16
1,9,256GB SSD
1,10,AMD
1,11,Radeon Pro 555
1,12,macOS
1,13,1.83
3,2,Ultrabook
3,3,12.0
3,4,IPS Panel Retina Display 2304x1440
3,5,Intel
3,6,Core M m3
3,7,1.2
3,8,8
3,9,256GB SSD
3,10,Intel
3,11,HD Graphics 615
3,12,macOS
3,13,0.92
1,2,Ultrabook
1,3,13.3
1,4,IPS Panel Retina Display 2560x1600
1,5,Intel
1,6,Core i5
1,7,2.3
1,8,8
1,9,256GB SSD
1,10,Intel
1,11,Iris Plus Graphics 640
1,12,macOS
1,13,1.37
1,2,Ultrabook
1,3,15.4
1,4,IPS Panel Retina Display 2880x1800
1,5,Intel
1,6,Core i7
1,7,2.9
1,8,16
1,9,512GB SSD
1,10,AMD
1,11,Radeon Pro 560
1,12,macOS
1,13,1.83
4,2,Ultrabook
4,3,13.3
4,4,1440x900
4,5,Intel
4,6,Core i5
4,7,1.6
4,8,8
4,9,128GB Flash Storage
4,10,Intel
4,11,HD Graphics 6000
4,12,Mac OS X
4,13,1.35
4,2,Ultrabook
4,3,13.3
4,4,1440x900
4,5,Intel
4,6,Core i5
4,7,1.6
4,8,8
4,9,256GB Flash Storage
4,10,Intel
4,11,HD Graphics 6000
4,12,Mac OS X
4,13,1.35
1,2,Ultrabook
1,3,13.3
1,4,IPS Panel Retina Display 2560x1600
1,5,Intel
1,6,Core i5
1,7,2.0
1,8,8
1,9,256GB SSD
1,10,Intel
1,11,Iris Graphics 540
1,12,macOS
1,13,1.37
3,2,Ultrabook
3,3,12.0
3,4,IPS Panel Retina Display 2304x1440
3,5,Intel
3,6,Core i5
3,7,1.3
3,8,8
3,9,512GB SSD
3,10,Intel
3,11,HD Graphics 615
3,12,macOS
3,13,0.92
1,2,Ultrabook
1,3,13.3
1,4,IPS Panel Retina Display 2560x1600
1,5,Intel
1,6,Core i5
1,7,3.1
1,8,8
1,9,512GB SSD
1,10,Intel
1,11,Iris Plus Graphics 650
1,12,macOS
1,13,1.37
1,2,Ultrabook
1,3,13.3
1,4,IPS Panel Retina Display 2560x1600
1,5,Intel
1,6,Core i5
1,7,2.9
1,8,8
1,9,512GB SSD
1,10,Intel
1,11,Iris Graphics 550
1,12,macOS
1,13,1.37
3,2,Ultrabook
3,3,12.0
3,4,IPS Panel Retina Display 2304x1440
3,5,Intel
3,6,Core M
3,7,1.2
3,8,8
3,9,512GB Flash Storage
3,10,Intel
3,11,HD Graphics 5300
3,12,Mac OS X
3,13,0.92
3,2,Ultrabook
3,3,12.0
3,4,IPS Panel Retina Display 2304x1440
3,5,Intel
3,6,Core M
3,7,1.1
3,8,8
3,9,256GB Flash Storage
3,10,Intel
3,11,HD Graphics 515
3,12,Mac OS X
3,13,0.92
3,2,Ultrabook
3,3,12.0
3,4,IPS Panel Retina Display 2304x1440
3,5,Intel
3,6,Core M
3,7,1.1
3,8,8
3,9,256GB Flash Storage
3,10,Intel
3,11,HD Graphics 5300
3,12,Mac OS X
3,13,0.92
3,2,Ultrabook
3,3,12.0
3,4,IPS Panel Retina Display 2304x1440
3,5,Intel
3,6,Core M
3,7,1.2
3,8,8
3,9,512GB Flash Storage
3,10,Intel
3,11,HD Graphics 515
3,12,Mac OS X
3,13,0.92
4,2,Ultrabook
4,3,11.6
4,4,1366x768
4,5,Intel
4,6,Core i5
4,7,1.6
4,8,4
4,9,256GB Flash Storage
4,10,Intel
4,11,HD Graphics 6000
4,12,Mac OS X
4,13,1.08
5,2,Notebook
5,3,17.3
5,4,Full HD 1920x1080
5,5,Intel
5,6,Core i5 8250U
5,7,1.6
5,8,8
5,9,128GB SSD +  1TB HDD
5,10,AMD
5,11,Radeon 530
5,12,Windows 10
5,13,2.8
6,2,Notebook
6,3,15.6
6,4,1366x768
6,5,Intel
6,6,Core i5 6200U
6,7,2.3
6,8,4
6,9,500GB HDD
6,10,AMD
6,11,Radeon R5 M315
6,12,Windows 7
6,13,2.24
7,2,Notebook
7,3,15.6
7,4,Touchscreen 1366x768
7,5,Intel
7,6,Core i3 7100U
7,7,2.4
7,8,6
7,9,1TB HDD
7,10,Intel
7,11,HD Graphics 620
7,12,Windows 10
7,13,2.3
8,2,Ultrabook
8,3,12.5
8,4,Full HD 1920x1080
8,5,Intel
8,6,Core i7 7600U
8,7,2.8
8,8,16
8,9,256GB SSD
8,10,Intel
8,11,HD Graphics 620
8,12,Windows 10
8,13,1.18
7,2,Notebook
7,3,15.6
7,4,1366x768
7,5,Intel
7,6,Core i3 6006U
7,7,2.0
7,8,4
7,9,1TB HDD
7,10,Intel
7,11,HD Graphics 520
7,12,Linux
7,13,2.25
9,2,Notebook
9,3,15.6
9,4,Full HD 1920x1080
9,5,Intel
9,6,Core i5 8250U
9,7,1.6
9,8,8
9,9,256GB SSD
9,10,AMD
9,11,Radeon 530
9,12,Windows 10
9,13,2.2
7,2,Notebook
7,3,15.6
7,4,1366x768
7,5,Intel
7,6,Core i3 6006U
7,7,2.0
7,8,4
7,9,1TB HDD
7,10,AMD
7,11,Radeon R5 M430
7,12,Linux
7,13,2.25
9,2,Notebook
9,3,15.6
9,4,Full HD 1920x1080
9,5,Intel
9,6,Core i7 8550U
9,7,1.8
9,8,16
9,9,256GB SSD +  2TB HDD
9,10,AMD
9,11,Radeon 530
9,12,Windows 10
9,13,2.2
10,2,Gaming
10,3,15.6
10,4,IPS Panel Full HD 1920x1080
10,5,Intel
10,6,Core i7 7700HQ
10,7,2.8
10,8,16
10,9,256GB SSD +  1TB HDD
10,10,Nvidia
10,11,GeForce GTX 1060
10,12,Windows 10
10,13,2.65
11,2,Notebook
11,3,15.6
11,4,Full HD 1920x1080
11,5,Intel
11,6,Core i7 7500U
11,7,2.7
11,8,8
11,9,256GB SSD
11,10,AMD
11,11,Radeon R7 M445
11,12,Linux
11,13,2.33
12,2,Notebook
12,3,15.6
12,4,Full HD 1920x1080
12,5,Intel
12,6,Core i7 7700HQ
12,7,2.8
12,8,8
12,9,256GB SSD
12,10,Nvidia
12,11,GeForce GTX 1050
12,12,Windows 10
12,13,2.0
11,2,Notebook
11,3,15.6
11,4,Full HD 1920x1080
11,5,Intel
11,6,Core i5 7200U
11,7,2.5
11,8,8
11,9,256GB SSD
11,10,AMD
11,11,Radeon R7 M445
11,12,Windows 10
11,13,2.36
13,2,2 in 1 Convertible
13,3,15.6
13,4,Full HD / Touchscreen 1920x1080
13,5,Intel
13,6,Core i7 8550U
13,7,1.8
13,8,8
13,9,256GB SSD
13,10,Intel
13,11,UHD Graphics 620
13,12,Windows 10
13,13,1.56
14,2,Notebook
14,3,15.6
14,4,1366x768
14,5,Intel
14,6,Core i5 7200U
14,7,2.5
14,8,4
14,9,1TB HDD
14,10,Intel
14,11,HD Graphics 520
14,12,Linux
14,13,2.18
15,2,Gaming
15,3,17.3
15,4,IPS Panel Full HD 1920x1080
15,5,Intel
15,6,Core i7 7700HQ
15,7,2.8
15,8,32
15,9,256GB SSD +  1TB HDD
15,10,Nvidia
15,11,GeForce GTX 1070
15,12,Windows 10
15,13,4.42
16,2,Ultrabook
16,3,15.6
16,4,Full HD 1920x1080
16,5,Intel
16,6,Core i7 8650U
16,7,1.9
16,8,16
16,9,512GB SSD +  256GB SSD
16,10,Intel
16,11,UHD Graphics 620
16,12,Windows 10
16,13,1.88
17,2,Ultrabook
17,3,13.3
17,4,IPS Panel 4K Ultra HD / Touchscreen 3840x2160
17,5,Intel
17,6,Core i7 8550U
17,7,1.8
17,8,8
17,9,256GB SSD
17,10,Intel
17,11,UHD Graphics 620
17,12,Windows 10
17,13,1.21
9,2,Notebook
9,3,15.6
9,4,Full HD 1920x1080
9,5,Intel
9,6,Core i5 8250U
9,7,1.6
9,8,8
9,9,256GB SSD
9,10,AMD
9,11,Radeon 530
9,12,Windows 10
9,13,2.2
18,2,Ultrabook
18,3,14.0
18,4,Touchscreen 2560x1440
18,5,Intel
18,6,Core i7 6600U
18,7,2.6
18,8,8
18,9,256GB SSD
18,10,Intel
18,11,HD Graphics 520
18,12,Windows 10
18,13,1.5
11,2,Notebook
11,3,15.6
11,4,1366x768
11,5,Intel
11,6,Core i5 7200U
11,7,2.5
11,8,8
11,9,1TB HDD
11,10,AMD
11,11,Radeon R7 M445
11,12,Windows 10
11,13,2.5
19,2,Notebook
19,3,15.6
19,4,Full HD 1920x1080
19,5,Intel
19,6,Core i7 7600U
19,7,2.8
19,8,8
19,9,256GB SSD
19,10,Nvidia
19,11,GeForce 930MX
19,12,Windows 10
19,13,1.93
14,2,Notebook
14,3,15.6
14,4,1366x768
14,5,Intel
14,6,Core i3 7100U
14,7,2.4
14,8,4
14,9,128GB SSD
14,10,Intel
14,11,HD Graphics 620
14,12,Windows 10
14,13,2.18
20,2,2 in 1 Convertible
20,3,15.0
20,4,Full HD / Touchscreen 1920x1080
20,5,Intel
20,6,Core i3 7100U
20,7,2.4
20,8,4
20,9,500GB HDD
20,10,Intel
20,11,HD Graphics 620
20,12,Windows 10
20,13,2.08
21,2,Notebook
21,3,14.0
21,4,Full HD 1920x1080
21,5,Intel
21,6,Core i5 7440HQ
21,7,2.8
21,8,8
21,9,256GB SSD
21,10,Nvidia
21,11,GeForce 930MX
21,12,Windows 10
21,13,1.64
22,2,Notebook
22,3,15.6
22,4,1366x768
22,5,Intel
22,6,Celeron Dual Core N3060
22,7,1.6
22,8,4
22,9,500GB HDD
22,10,Intel
22,11,HD Graphics
22,12,Linux
22,13,2.2
22,2,Notebook
22,3,15.6
22,4,1366x768
22,5,Intel
22,6,Celeron Dual Core N3050
22,7,1.6
22,8,2
22,9,500GB HDD
22,10,Intel
22,11,HD Graphics
22,12,Windows 10
22,13,2.2
17,2,Ultrabook
17,3,13.3
17,4,Quad HD+ / Touchscreen 3200x1800
17,5,Intel
17,6,Core i7 7500U
17,7,2.7
17,8,16
17,9,512GB SSD
17,10,Intel
17,11,HD Graphics 620
17,12,Windows 10
17,13,1.2
23,2,Notebook
23,3,14.0
23,4,1366x768
23,5,Intel
23,6,Core i3 6100U
23,7,2.3
23,8,8
23,9,128GB SSD
23,10,Intel
23,11,HD Graphics 520
23,12,Windows 10
23,13,1.79
24,2,Ultrabook
24,3,15.6
24,4,Full HD 1920x1080
24,5,Intel
24,6,Core i7 7500U
24,7,2.7
24,8,8
24,9,512GB SSD
24,10,Intel
24,11,HD Graphics 620
24,12,Windows 10
24,13,1.84
25,2,Notebook
25,3,15.6
25,4,IPS Panel Full HD 1920x1080
25,5,Intel
25,6,Core i7 7500U
25,7,2.7
25,8,8
25,9,1TB HDD
25,10,Nvidia
25,11,GeForce 940MX
25,12,Windows 10
25,13,1.91
26,2,Notebook
26,3,15.6
26,4,Full HD 1920x1080
26,5,AMD
26,6,E-Series E2-9000e
26,7,1.5
26,8,4
26,9,500GB HDD
26,10,AMD
26,11,Radeon R2
26,12,Windows 10
26,13,2.1
27,2,Notebook
27,3,15.6
27,4,Full HD 1920x1080
27,5,AMD
27,6,A9-Series 9420
27,7,3.0
27,8,4
27,9,1TB HDD
27,10,AMD
27,11,Radeon 520
27,12,Windows 10
27,13,2.1
24,2,Notebook
24,3,15.6
24,4,1366x768
24,5,Intel
24,6,Core i5 6200U
24,7,2.3
24,8,4
24,9,500GB HDD
24,10,Intel
24,11,HD Graphics 520
24,12,Windows 7
24,13,1.88
28,2,Notebook
28,3,14.0
28,4,Full HD 1920x1080
28,5,Intel
28,6,Core i5 7200U
28,7,2.5
28,8,4
28,9,128GB SSD
28,10,Intel
28,11,HD Graphics 620
28,12,Windows 10
28,13,1.95
29,2,Notebook
29,3,14.0
29,4,Full HD 1920x1080
29,5,Intel
29,6,Core i5 6200U
29,7,2.3
29,8,8
29,9,256GB SSD
29,10,Intel
29,11,HD Graphics 520
29,12,Windows 7
29,13,1.43
24,2,Notebook
24,3,15.6
24,4,Full HD 1920x1080
24,5,Intel
24,6,Core i5 6300U
24,7,2.4
24,8,8
24,9,256GB SSD
24,10,Intel
24,11,HD Graphics 520
24,12,Windows 10
24,13,1.84
30,2,Notebook
30,3,14.0
30,4,Full HD 1920x1080
30,5,Intel
30,6,Core i5 8250U
30,7,1.6
30,8,8
30,9,1TB HDD
30,10,Intel
30,11,UHD Graphics 620
30,12,Windows 10
30,13,1.63
31,2,Notebook
31,3,15.6
31,4,Full HD 1920x1080
31,5,Intel
31,6,Core i5 7200U
31,7,2.5
31,8,8
31,9,256GB SSD
31,10,Intel
31,11,HD Graphics 620
31,12,Windows 10
31,13,1.84
32,2,Notebook
32,3,17.3
32,4,IPS Panel Full HD 1920x1080
32,5,AMD
32,6,A10-Series 9600P
32,7,2.4
32,8,6
32,9,2TB HDD
32,10,AMD
32,11,Radeon R7 M440
32,12,Windows 10
32,13,2.65
33,2,Gaming
33,3,17.3
33,4,Full HD 1920x1080
33,5,Intel
33,6,Core i7 7700HQ
33,7,2.8
33,8,12
33,9,256GB SSD +  1TB HDD
33,10,Nvidia
33,11,GeForce GTX 1070
33,12,Windows 10
33,13,3.35
34,2,Notebook
34,3,15.6
34,4,Full HD 1920x1080
34,5,Intel
34,6,Core i3 6006U
34,7,2.0
34,8,4
34,9,1TB HDD
34,10,AMD
34,11,Radeon 520
34,12,Windows 10
34,13,2.1
35,2,Ultrabook
35,3,14.0
35,4,Full HD 1920x1080
35,5,Intel
35,6,Core i7 7500U
35,7,2.7
35,8,8
35,9,512GB SSD
35,10,Intel
35,11,HD Graphics 620
35,12,Windows 10
35,13,1.48
36,2,Notebook
36,3,14.0
36,4,IPS Panel Full HD 1920x1080
36,5,Intel
36,6,Core i5 7200U
36,7,2.5
36,8,6
36,9,256GB SSD
36,10,Nvidia
36,11,GeForce 940MX
36,12,Windows 10
36,13,1.58
37,2,Notebook
37,3,15.6
37,4,IPS Panel Full HD 1920x1080
37,5,Intel
37,6,Core i3 7100U
37,7,2.4
37,8,8
37,9,1TB HDD
37,10,Nvidia
37,11,GeForce 930MX
37,12,Windows 10
37,13,2.1
38,2,Notebook
38,3,15.6
38,4,1366x768
38,5,Intel
38,6,Core i7 7500U
38,7,2.7
38,8,6
38,9,1TB HDD
38,10,Intel
38,11,HD Graphics 620
38,12,Windows 10
38,13,2.04
39,2,Notebook
39,3,15.6
39,4,Full HD 1920x1080
39,5,Intel
39,6,Core i5 7200U
39,7,2.5
39,8,8
39,9,1TB HDD
39,10,Intel
39,11,HD Graphics 620
39,12,Windows 10
39,13,2.04
35,2,Notebook
35,3,14.0
35,4,Full HD 1920x1080
35,5,Intel
35,6,Core i5 7300U
35,7,2.6
35,8,8
35,9,256GB SSD
35,10,Intel
35,11,HD Graphics 620
35,12,Windows 10
35,13,1.48
40,2,Gaming
40,3,17.3
40,4,IPS Panel Full HD 1920x1080
40,5,Intel
40,6,Core i7 7700HQ
40,7,2.8
40,8,16
40,9,256GB SSD +  1TB HDD
40,10,Nvidia
40,11,GeForce GTX 1050
40,12,Windows 10
40,13,3.78
41,2,Notebook
41,3,15.6
41,4,Full HD 1920x1080
41,5,Intel
41,6,Core i5 7200U
41,7,2.5
41,8,8
41,9,500GB HDD
41,10,AMD
41,11,FirePro W4190M
41,12,Windows 10
41,13,1.9
42,2,Notebook
42,3,15.6
42,4,Full HD 1920x1080
42,5,AMD
42,6,A6-Series 9220
42,7,2.5
42,8,4
42,9,256GB SSD
42,10,AMD
42,11,Radeon R4 Graphics
42,12,Windows 10
42,13,1.86
43,2,Notebook
43,3,15.6
43,4,1366x768
43,5,Intel
43,6,Core i5 7200U
43,7,2.5
43,8,8
43,9,256GB SSD
43,10,AMD
43,11,Radeon 520
43,12,Windows 10
43,13,1.91
37,2,Notebook
37,3,15.6
37,4,1366x768
37,5,Intel
37,6,Core i3 7100U
37,7,2.4
37,8,4
37,9,256GB SSD
37,10,Intel
37,11,HD Graphics 620
37,12,Windows 10
37,13,2.04
44,2,Workstation
44,3,17.3
44,4,1600x900
44,5,Intel
44,6,Core i5 7440HQ
44,7,2.8
44,8,8
44,9,500GB HDD
44,10,Nvidia
44,11,Quadro M1200
44,12,Windows 10
44,13,3.14
45,2,2 in 1 Convertible
45,3,13.3
45,4,IPS Panel 4K Ultra HD / Touchscreen 3840x2160
45,5,Intel
45,6,Core i5 8250U
45,7,1.6
45,8,8
45,9,256GB SSD
45,10,Intel
45,11,UHD Graphics 620
45,12,Windows 10
45,13,1.29
46,2,Notebook
46,3,15.6
46,4,1366x768
46,5,Intel
46,6,Core i5 7200U
46,7,2.5
46,8,4
46,9,500GB HDD
46,10,Intel
46,11,HD Graphics 620
46,12,No OS
46,13,1.96
47,2,Notebook
47,3,17.3
47,4,Full HD 1920x1080
47,5,Intel
47,6,Core i7 8550U
47,7,1.8
47,8,8
47,9,256GB SSD
47,10,Nvidia
47,11,GeForce 930MX
47,12,Windows 10
47,13,2.5
48,2,Gaming
48,3,15.6
48,4,IPS Panel Full HD 1920x1080
48,5,Intel
48,6,Core i7 7700HQ
48,7,2.8
48,8,8
48,9,128GB SSD +  1TB HDD
48,10,Nvidia
48,11,GeForce GTX 1050
48,12,Windows 10
48,13,2.7
49,2,2 in 1 Convertible
49,3,11.6
49,4,IPS Panel Touchscreen 1366x768
49,5,Intel
49,6,Celeron Quad Core N3160
49,7,1.6
49,8,4
49,9,32GB Flash Storage
49,10,Intel
49,11,HD Graphics 400
49,12,Chrome OS
49,13,1.25
50,2,Notebook
50,3,15.6
50,4,1366x768
50,5,Intel
50,6,Core i3 6006U
50,7,2.0
50,8,4
50,9,500GB HDD
50,10,Intel
50,11,HD Graphics 520
50,12,Windows 10
50,13,2.4
51,2,Notebook
51,3,14.0
51,4,1366x768
51,5,Intel
51,6,Celeron Dual Core N3060
51,7,1.6
51,8,2
51,9,32GB Flash Storage
51,10,Intel
51,11,HD Graphics 400
51,12,Chrome OS
51,13,1.68
52,2,Notebook
52,3,15.6
52,4,Full HD 1920x1080
52,5,Intel
52,6,Core i3 6006U
52,7,2.0
52,8,4
52,9,1TB HDD
52,10,Nvidia
52,11,GeForce 940MX
52,12,Windows 10
52,13,2.23
53,2,Notebook
53,3,15.6
53,4,1366x768
53,5,AMD
53,6,A9-Series 9420
53,7,3.0
53,8,4
53,9,128GB SSD
53,10,AMD
53,11,Radeon R5
53,12,Windows 10
53,13,2.1
54,2,Ultrabook
54,3,13.3
54,4,IPS Panel Full HD 1920x1080
54,5,Intel
54,6,Core i5 7Y54
54,7,1.2
54,8,8
54,9,256GB SSD
54,10,Intel
54,11,HD Graphics 615
54,12,Windows 10
54,13,1.12
50,2,Notebook
50,3,15.6
50,4,1366x768
50,5,Intel
50,6,Core i5 7200U
50,7,2.5
50,8,4
50,9,500GB HDD
50,10,Intel
50,11,HD Graphics 620
50,12,Linux
50,13,2.4
55,2,2 in 1 Convertible
55,3,13.3
55,4,IPS Panel Full HD / Touchscreen 1920x1080
55,5,Intel
55,6,Core i5 8250U
55,7,1.6
55,8,8
55,9,256GB SSD
55,10,Intel
55,11,UHD Graphics 620
55,12,Windows 10
55,13,1.5
53,2,Notebook
53,3,15.6
53,4,1366x768
53,5,AMD
53,6,A9-Series 9420
53,7,3.0
53,8,4
53,9,500GB HDD
53,10,AMD
53,11,Radeon R5
53,12,Windows 10
53,13,2.1
56,2,Notebook
56,3,15.6
56,4,1366x768
56,5,Intel
56,6,Celeron Dual Core N3350
56,7,1.1
56,8,4
56,9,1TB HDD
56,10,Intel
56,11,HD Graphics 500
56,12,Windows 10
56,13,2.1
57,2,Notebook
57,3,15.6
57,4,IPS Panel Full HD 1920x1080
57,5,Intel
57,6,Core i7 8550U
57,7,1.8
57,8,8
57,9,1TB HDD
57,10,Nvidia
57,11,GeForce MX130
57,12,Windows 10
57,13,2.2
58,2,Notebook
58,3,17.3
58,4,1600x900
58,5,Intel
58,6,Core i3 6006U
58,7,2.0
58,8,4
58,9,1TB HDD
58,10,Nvidia
58,11,GeForce 940MX
58,12,Windows 10
58,13,3.3
59,2,Notebook
59,3,15.6
59,4,1366x768
59,5,Intel
59,6,Celeron Dual Core 3205U
59,7,1.5
59,8,2
59,9,16GB SSD
59,10,Intel
59,11,HD Graphics
59,12,Chrome OS
59,13,2.19
60,2,Notebook
60,3,15.6
60,4,IPS Panel Full HD 1920x1080
60,5,Intel
60,6,Celeron Dual Core 3205U
60,7,1.5
60,8,4
60,9,16GB Flash Storage
60,10,Intel
60,11,HD Graphics
60,12,Chrome OS
60,13,2.2
57,2,Notebook
57,3,15.6
57,4,IPS Panel Full HD 1920x1080
57,5,Intel
57,6,Core i7 8550U
57,7,1.8
57,8,8
57,9,256GB SSD
57,10,Nvidia
57,11,GeForce MX150
57,12,Windows 10
57,13,2.2
61,2,Gaming
61,3,17.3
61,4,IPS Panel Full HD 1920x1080
61,5,Intel
61,6,Core i7 7700HQ
61,7,2.8
61,8,16
61,9,256GB SSD +  1TB HDD
61,10,Nvidia
61,11,GeForce GTX 1070
61,12,Windows 10
61,13,4.2
62,2,Notebook
62,3,15.6
62,4,Full HD 1920x1080
62,5,Intel
62,6,Core i3 7100U
62,7,2.4
62,8,4
62,9,1TB HDD
62,10,Intel
62,11,HD Graphics 620
62,12,Windows 10
62,13,2.4
53,2,Notebook
53,3,15.6
53,4,1366x768
53,5,AMD
53,6,A9-Series 9420
53,7,3.0
53,8,4
53,9,256GB SSD
53,10,AMD
53,11,Radeon R5
53,12,Windows 10
53,13,2.1
63,2,Notebook
63,3,15.6
63,4,IPS Panel Full HD 1920x1080
63,5,Intel
63,6,Core i7 8550U
63,7,1.8
63,8,8
63,9,256GB SSD
63,10,Nvidia
63,11,GeForce MX150
63,12,Windows 10
63,13,3.0
64,2,Netbook
64,3,11.6
64,4,IPS Panel 1366x768
64,5,Intel
64,6,Celeron Dual Core N3060
64,7,1.6
64,8,4
64,9,32GB Flash Storage
64,10,Intel
64,11,HD Graphics 400
64,12,Chrome OS
64,13,1.25
65,2,Notebook
65,3,15.6
65,4,1366x768
65,5,Intel
65,6,Celeron Dual Core 3205U
65,7,1.5
65,8,4
65,9,16GB SSD
65,10,Intel
65,11,HD Graphics
65,12,Chrome OS
65,13,2.2
66,2,2 in 1 Convertible
66,3,13.3
66,4,IPS Panel Full HD / Touchscreen 1920x1080
66,5,Intel
66,6,Core i5 6200U
66,7,2.3
66,8,8
66,9,256GB SSD
66,10,Intel
66,11,HD Graphics 520
66,12,Windows 10
66,13,1.6
67,2,Notebook
67,3,15.6
67,4,Full HD 1920x1080
67,5,Intel
67,6,Core i7 7700HQ
67,7,2.8
67,8,8
67,9,256GB SSD
67,10,Nvidia
67,11,GeForce GTX 1050
67,12,Linux
67,13,2.5
56,2,Notebook
56,3,15.6
56,4,1366x768
56,5,Intel
56,6,Pentium Quad Core N4200
56,7,1.1
56,8,4
56,9,1TB HDD
56,10,Intel
56,11,HD Graphics 505
56,12,Linux
56,13,2.1
68,2,Notebook
68,3,17.3
68,4,IPS Panel Full HD 1920x1080
68,5,Intel
68,6,Core i3 7130U
68,7,2.7
68,8,4
68,9,1TB HDD
68,10,Nvidia
68,11,GeForce MX130
68,12,Windows 10
68,13,3.0
67,2,Notebook
67,3,15.6
67,4,Full HD 1920x1080
67,5,Intel
67,6,Core i7 7700HQ
67,7,2.8
67,8,8
67,9,1TB HDD
67,10,Nvidia
67,11,GeForce GTX 1050
67,12,Linux
67,13,2.4
61,2,Gaming
61,3,17.3
61,4,IPS Panel Full HD 1920x1080
61,5,Intel
61,6,Core i7 7700HQ
61,7,2.8
61,8,16
61,9,256GB SSD +  1TB HDD
61,10,Nvidia
61,11,GeForce GTX 1060
61,12,Windows 10
61,13,4.2
69,2,Gaming
69,3,15.6
69,4,Full HD 1920x1080
69,5,Intel
69,6,Core i7 7700HQ
69,7,2.8
69,8,16
69,9,256GB SSD +  1TB HDD
69,10,Nvidia
69,11,GeForce GTX 1070
69,12,Windows 10
69,13,2.94
70,2,Gaming
70,3,15.6
70,4,Full HD 1920x1080
70,5,Intel
70,6,Core i7 6700HQ
70,7,2.6
70,8,8
70,9,128GB SSD +  1TB HDD
70,10,Nvidia
70,11,GeForce GTX 1060
70,12,Windows 10
70,13,2.2
71,2,Gaming
71,3,17.3
71,4,IPS Panel Full HD 1920x1080
71,5,Intel
71,6,Core i7 6700HQ
71,7,2.6
71,8,16
71,9,256GB SSD +  1TB HDD
71,10,Nvidia
71,11,GeForce GTX 1060
71,12,Windows 10
71,13,2.43
72,2,Gaming
72,3,17.3
72,4,Full HD 1920x1080
72,5,Intel
72,6,Core i7 7700HQ
72,7,2.8
72,8,8
72,9,256GB SSD
72,10,Nvidia
72,11,GeForce GTX 1050 Ti
72,12,Windows 10
72,13,2.7
73,2,Gaming
73,3,14.0
73,4,Full HD 1920x1080
73,5,Intel
73,6,Core i7 6700HQ
73,7,2.6
73,8,16
73,9,256GB SSD +  1TB HDD
73,10,Nvidia
73,11,GeForce GTX 970M
73,12,Windows 10
73,13,1.7
74,2,Gaming
74,3,17.3
74,4,Full HD 1920x1080
74,5,Intel
74,6,Core i7 7700HQ
74,7,2.8
74,8,16
74,9,256GB SSD +  1TB HDD
74,10,Nvidia
74,11,GeForce GTX 1060
74,12,Windows 10
74,13,2.8
75,2,Gaming
75,3,17.3
75,4,Full HD 1920x1080
75,5,Intel
75,6,Core i7 6820HK
75,7,2.7
75,8,16
75,9,128GB SSD +  1TB HDD
75,10,Nvidia
75,11,GeForce GTX 970M
75,12,Windows 10
75,13,4.14
76,2,Gaming
76,3,15.6
76,4,Full HD 1920x1080
76,5,Intel
76,6,Core i7 6700HQ
76,7,2.6
76,8,8
76,9,128GB SSD +  1TB HDD
76,10,Nvidia
76,11,GeForce GTX 960M
76,12,Windows 10
76,13,2.3
77,2,Gaming
77,3,15.6
77,4,Full HD 1920x1080
77,5,Intel
77,6,Core i7 7700HQ
77,7,2.8
77,8,16
77,9,256GB SSD +  2TB HDD
77,10,Nvidia
77,11,GeForce GTX 1070
77,12,Windows 10
77,13,1.8
78,2,Gaming
78,3,15.6
78,4,Full HD 1920x1080
78,5,Intel
78,6,Core i5 7300HQ
78,7,2.5
78,8,8
78,9,128GB SSD +  1TB HDD
78,10,Nvidia
78,11,GeForce GTX 1050
78,12,Windows 10
78,13,2.2
79,2,Gaming
79,3,17.3
79,4,Full HD 1920x1080
79,5,Intel
79,6,Core i7 7700HQ
79,7,2.8
79,8,16
79,9,256GB SSD +  1TB HDD
79,10,Nvidia
79,11,GeForce GTX 1070
79,12,Windows 10
79,13,2.8
80,2,Gaming
80,3,17.3
80,4,Full HD 1920x1080
80,5,Intel
80,6,Core i7 7700HQ
80,7,2.8
80,8,16
80,9,512GB SSD +  1TB HDD
80,10,Nvidia
80,11,GeForce GTX 1070
80,12,Windows 10
80,13,4.14
81,2,Gaming
81,3,14.0
81,4,IPS Panel Full HD 1920x1080
81,5,Intel
81,6,Core i7 7700HQ
81,7,2.8
81,8,16
81,9,256GB SSD +  1TB HDD
81,10,Nvidia
81,11,GeForce GTX 1060
81,12,Windows 10
81,13,1.6
82,2,Gaming
82,3,15.6
82,4,IPS Panel Full HD 1920x1080
82,5,Intel
82,6,Core i7 7700HQ
82,7,2.8
82,8,16
82,9,256GB SSD +  1TB HDD
82,10,Nvidia
82,11,GeForce GTX 1060
82,12,Windows 10
82,13,2.4
83,2,Gaming
83,3,17.3
83,4,Full HD 1920x1080
83,5,Intel
83,6,Core i7 7700HQ
83,7,2.8
83,8,8
83,9,128GB SSD +  1TB HDD
83,10,Nvidia
83,11,GeForce GTX 1050
83,12,Windows 10
83,13,2.7
84,2,Gaming
84,3,17.3
84,4,Full HD 1920x1080
84,5,Intel
84,6,Core i7 7700HQ
84,7,2.8
84,8,16
84,9,256GB SSD +  1TB HDD
84,10,Nvidia
84,11,GeForce GTX 1070
84,12,Windows 10
84,13,2.9
85,2,Gaming
85,3,15.6
85,4,Full HD 1920x1080
85,5,Intel
85,6,Core i7 6700HQ
85,7,2.6
85,8,16
85,9,256GB SSD +  1TB HDD
85,10,Nvidia
85,11,GeForce GTX 1060
85,12,Windows 10
85,13,1.8
86,2,Gaming
86,3,17.3
86,4,Full HD 1920x1080
86,5,Intel
86,6,Core i7 7700HQ
86,7,2.8
86,8,8
86,9,128GB SSD +  1TB HDD
86,10,Nvidia
86,11,GeForce GTX 1050 Ti
86,12,Windows 10
86,13,2.7
87,2,Gaming
87,3,15.6
87,4,IPS Panel Full HD 1920x1080
87,5,Intel
87,6,Core i7 7500U
87,7,2.7
87,8,8
87,9,1TB HDD
87,10,Nvidia
87,11,GeForce GTX 1050
87,12,Windows 10
87,13,2.2
88,2,Gaming
88,3,15.6
88,4,Full HD 1920x1080
88,5,Intel
88,6,Core i7 7700HQ
88,7,2.8
88,8,8
88,9,128GB SSD +  1TB HDD
88,10,Nvidia
88,11,GeForce GTX 1050
88,12,Windows 10
88,13,2.2
89,2,Gaming
89,3,15.6
89,4,Full HD 1920x1080
89,5,Intel
89,6,Core i7 7700HQ
89,7,2.8
89,8,8
89,9,128GB SSD +  1TB HDD
89,10,Nvidia
89,11,GeForce GTX 1050
89,12,Windows 10
89,13,2.2
90,2,Gaming
90,3,17.3
90,4,Full HD 1920x1080
90,5,Intel
90,6,Core i7 7820HK
90,7,2.9
90,8,16
90,9,512GB SSD +  1TB HDD
90,10,Nvidia
90,11,GeForce GTX 1070
90,12,Windows 10
90,13,4.14
91,2,Gaming
91,3,15.6
91,4,IPS Panel Full HD 1920x1080
91,5,Intel
91,6,Core i7 7700HQ
91,7,2.8
91,8,16
91,9,256GB SSD +  1TB HDD
91,10,Nvidia
91,11,GeForce GTX 1070
91,12,Windows 10
91,13,2.8
92,2,Gaming
92,3,17.3
92,4,Full HD 1920x1080
92,5,Intel
92,6,Core i7 6820HK
92,7,2.7
92,8,16
92,9,128GB SSD +  1TB HDD
92,10,Nvidia
92,11,GeForce GTX 980M
92,12,Windows 10
92,13,4.5
71,2,Gaming
71,3,17.3
71,4,IPS Panel 4K Ultra HD 3840x2160
71,5,Intel
71,6,Core i7 6700HQ
71,7,2.6
71,8,16
71,9,512GB SSD +  2TB HDD
71,10,Nvidia
71,11,GeForce GTX 1060
71,12,Windows 10
71,13,2.43
93,2,Gaming
93,3,15.6
93,4,Full HD 1920x1080
93,5,Intel
93,6,Core i7 6700HQ
93,7,2.6
93,8,16
93,9,256GB SSD +  1TB HDD
93,10,Nvidia
93,11,GeForce GTX 1060
93,12,Windows 10
93,13,2.94
94,2,Gaming
94,3,15.6
94,4,Full HD 1920x1080
94,5,Intel
94,6,Core i7 7700HQ
94,7,2.8
94,8,16
94,9,256GB SSD +  1TB HDD
94,10,Nvidia
94,11,GeForce GTX 1060
94,12,Windows 10
94,13,1.8
95,2,Gaming
95,3,17.3
95,4,Full HD 1920x1080
95,5,Intel
95,6,Core i7 7700HQ
95,7,2.8
95,8,8
95,9,128GB SSD +  1TB HDD
95,10,Nvidia
95,11,GeForce GTX 1060
95,12,Windows 10
95,13,2.7
96,2,Gaming
96,3,15.6
96,4,IPS Panel Full HD 1920x1080
96,5,Intel
96,6,Core i5 7300HQ
96,7,2.5
96,8,8
96,9,256GB SSD
96,10,Nvidia
96,11,GeForce GTX 1050
96,12,Windows 10
96,13,2.5
97,2,2 in 1 Convertible
97,3,13.3
97,4,IPS Panel Full HD / Touchscreen 1920x1080
97,5,Intel
97,6,Core i7 8550U
97,7,1.8
97,8,8
97,9,512GB SSD
97,10,Intel
97,11,UHD Graphics 620
97,12,Windows 10
97,13,1.19
98,2,Gaming
98,3,15.6
98,4,IPS Panel Full HD 1920x1080
98,5,Intel
98,6,Core i7 6700HQ
98,7,2.6
98,8,8
98,9,128GB SSD +  1TB HDD
98,10,Nvidia
98,11,GeForce GTX 960<U+039C>
98,12,Windows 10
98,13,2.6
99,2,Notebook
99,3,17.3
99,4,1600x900
99,5,Intel
99,6,Core i3 6006U
99,7,2.0
99,8,4
99,9,1TB HDD
99,10,Intel
99,11,HD Graphics 520
99,12,Windows 10
99,13,2.8
96,2,Gaming
96,3,15.6
96,4,IPS Panel Full HD 1920x1080
96,5,Intel
96,6,Core i7 7700HQ
96,7,2.8
96,8,8
96,9,128GB SSD +  1TB HDD
96,10,Nvidia
96,11,GeForce GTX 1050
96,12,Windows 10
96,13,2.5
100,2,Notebook
100,3,15.6
100,4,Full HD 1920x1080
100,5,Intel
100,6,Core i3 6006U
100,7,2.0
100,8,4
100,9,1TB HDD
100,10,Intel
100,11,HD Graphics 520
100,12,Windows 10
100,13,1.85
101,2,Notebook
101,3,15.6
101,4,Full HD 1920x1080
101,5,Intel
101,6,Core i5 7200U
101,7,2.5
101,8,6
101,9,256GB SSD
101,10,Intel
101,11,HD Graphics 620
101,12,Windows 10
101,13,2.2
102,2,Ultrabook
102,3,14.0
102,4,IPS Panel Full HD 1920x1080
102,5,Intel
102,6,Core i5 7200U
102,7,2.5
102,8,8
102,9,256GB SSD
102,10,Intel
102,11,HD Graphics 620
102,12,Windows 10
102,13,1.32
103,2,Notebook
103,3,14.0
103,4,IPS Panel Full HD 1920x1080
103,5,Intel
103,6,Core i5 7200U
103,7,2.5
103,8,8
103,9,256GB SSD
103,10,Intel
103,11,HD Graphics 620
103,12,Windows 10
103,13,1.9
104,2,Ultrabook
104,3,14.0
104,4,IPS Panel Quad HD+ 2560x1440
104,5,Intel
104,6,Core i7 6600U
104,7,2.6
104,8,16
104,9,512GB SSD
104,10,Intel
104,11,HD Graphics 520
104,12,Windows 10
104,13,1.1
105,2,Notebook
105,3,15.6
105,4,Full HD 1920x1080
105,5,Intel
105,6,Core i7 7500U
105,7,2.7
105,8,8
105,9,1TB HDD
105,10,Nvidia
105,11,GeForce 920MX
105,12,No OS
105,13,2.2
106,2,Gaming
106,3,15.6
106,4,IPS Panel Full HD 1920x1080
106,5,Intel
106,6,Core i7 7700HQ
106,7,2.8
106,8,16
106,9,256GB SSD +  1TB HDD
106,10,Nvidia
106,11,GeForce GTX 1060
106,12,Windows 10
106,13,3.2
107,2,Notebook
107,3,15.6
107,4,1366x768
107,5,Intel
107,6,Core i3 6006U
107,7,2.0
107,8,8
107,9,2TB HDD
107,10,Nvidia
107,11,GeForce 920MX
107,12,No OS
107,13,2.2
108,2,2 in 1 Convertible
108,3,13.3
108,4,IPS Panel Full HD / Touchscreen 1920x1080
108,5,Intel
108,6,Core i5 7200U
108,7,2.5
108,8,8
108,9,512GB SSD
108,10,Intel
108,11,HD Graphics 620
108,12,Windows 10
108,13,1.37
109,2,Notebook
109,3,15.6
109,4,Full HD 1920x1080
109,5,Intel
109,6,Core i5 7200U
109,7,2.5
109,8,8
109,9,128GB SSD +  1TB HDD
109,10,Nvidia
109,11,GeForce 940MX
109,12,Windows 10
109,13,2.3
110,2,Ultrabook
110,3,12.5
110,4,IPS Panel Full HD 1920x1080
110,5,Intel
110,6,Core i5 7300U
110,7,2.6
110,8,8
110,9,256GB SSD
110,10,Intel
110,11,HD Graphics 620
110,12,Windows 10
110,13,1.36
111,2,Notebook
111,3,14.0
111,4,IPS Panel Full HD 1920x1080
111,5,Intel
111,6,Core i3 7130U
111,7,2.7
111,8,8
111,9,256GB SSD
111,10,Intel
111,11,HD Graphics 620
111,12,No OS
111,13,1.7
112,2,Notebook
112,3,14.0
112,4,1366x768
112,5,Intel
112,6,Core i5 6200U
112,7,2.3
112,8,4
112,9,508GB Hybrid
112,10,Intel
112,11,HD Graphics 520
112,12,Windows 7
112,13,1.7
113,2,Notebook
113,3,15.6
113,4,1366x768
113,5,Intel
113,6,Core i5 6200U
113,7,2.3
113,8,4
113,9,500GB HDD
113,10,Intel
113,11,HD Graphics 520
113,12,Windows 10
113,13,2.1
114,2,2 in 1 Convertible
114,3,14.0
114,4,Touchscreen 2560x1440
114,5,Intel
114,6,Core i7 7500U
114,7,2.7
114,8,16
114,9,512GB SSD
114,10,Intel
114,11,HD Graphics 620
114,12,Windows 10
114,13,1.42
105,2,Ultrabook
105,3,15.6
105,4,Full HD 1920x1080
105,5,Intel
105,6,Core i7 7500U
105,7,2.7
105,8,6
105,9,256GB SSD
105,10,Nvidia
105,11,GeForce 920M
105,12,Windows 10
105,13,1.54
115,2,Ultrabook
115,3,14.0
115,4,IPS Panel Full HD 2560x1440
115,5,Intel
115,6,Core i7 7700HQ
115,7,2.8
115,8,8
115,9,512GB SSD
115,10,Nvidia
115,11,GeForce GT 940MX
115,12,Windows 10
115,13,1.7
106,2,Gaming
106,3,15.6
106,4,IPS Panel Full HD 1920x1080
106,5,Intel
106,6,Core i7 7700HQ
106,7,2.8
106,8,8
106,9,256GB SSD +  1TB HDD
106,10,Nvidia
106,11,GeForce GTX 1060
106,12,Windows 10
106,13,3.2
116,2,Notebook
116,3,15.6
116,4,1366x768
116,5,Intel
116,6,Core i7 6500U
116,7,2.5
116,8,8
116,9,500GB HDD
116,10,Nvidia
116,11,GeForce 920MX
116,12,No OS
116,13,2.2
104,2,Ultrabook
104,3,14.0
104,4,IPS Panel 2560x1440
104,5,Intel
104,6,Core i7 7500U
104,7,2.7
104,8,8
104,9,512GB SSD
104,10,Intel
104,11,HD Graphics 620
104,12,Windows 10
104,13,1.13
117,2,2 in 1 Convertible
117,3,13.3
117,4,IPS Panel Quad HD+ / Touchscreen 3200x1800
117,5,Intel
117,6,Core i7 6500U
117,7,2.5
117,8,16
117,9,512GB SSD
117,10,Intel
117,11,HD Graphics 520
117,12,Windows 10
117,13,1.3
118,2,Notebook
118,3,14.0
118,4,Full HD 1920x1080
118,5,Intel
118,6,Core i5 6200U
118,7,2.3
118,8,8
118,9,256GB SSD
118,10,Intel
118,11,HD Graphics 520
118,12,Windows 7
118,13,1.65
96,2,Gaming
96,3,15.6
96,4,IPS Panel Full HD 1920x1080
96,5,Intel
96,6,Core i7 7700HQ
96,7,2.8
96,8,8
96,9,128GB SSD +  1TB HDD
96,10,Nvidia
96,11,GeForce GTX 1050M
96,12,Windows 10
96,13,2.5
119,2,Notebook
119,3,15.6
119,4,1366x768
119,5,Intel
119,6,Pentium Quad Core N4200
119,7,1.1
119,8,4
119,9,500GB HDD
119,10,Intel
119,11,HD Graphics 500
119,12,Windows 10
119,13,2.0
120,2,Notebook
120,3,15.6
120,4,1366x768
120,5,Intel
120,6,Celeron Dual Core N3350
120,7,1.1
120,8,4
120,9,1TB HDD
120,10,Intel
120,11,HD Graphics 500
120,12,Windows 10
120,13,2.0
121,2,Notebook
121,3,15.6
121,4,1366x768
121,5,Intel
121,6,Core i5 6300HQ
121,7,2.3
121,8,4
121,9,1TB HDD
121,10,Nvidia
121,11,GeForce GTX 950M
121,12,No OS
121,13,2.45
122,2,Notebook
122,3,15.6
122,4,Full HD 1920x1080
122,5,Intel
122,6,Core i5 7300HQ
122,7,2.5
122,8,8
122,9,128GB SSD +  1TB HDD
122,10,Nvidia
122,11,GeForce GTX 1050
122,12,Windows 10
122,13,2.5
123,2,Notebook
123,3,15.6
123,4,1366x768
123,5,Intel
123,6,Celeron Dual Core N3050
123,7,1.6
123,8,4
123,9,500GB HDD
123,10,Intel
123,11,HD Graphics
123,12,Windows 10
123,13,2.2
124,2,Gaming
124,3,15.6
124,4,Full HD 1920x1080
124,5,Intel
124,6,Core i7 6700HQ
124,7,2.6
124,8,8
124,9,1TB HDD
124,10,Nvidia
124,11,GeForce GTX 1060
124,12,Windows 10
124,13,2.2
125,2,Notebook
125,3,15.6
125,4,1366x768
125,5,AMD
125,6,A9-Series 9420
125,7,3.0
125,8,4
125,9,1TB HDD
125,10,AMD
125,11,Radeon R5 M420
125,12,Windows 10
125,13,2.03
126,2,Gaming
126,3,15.6
126,4,Full HD 1920x1080
126,5,Intel
126,6,Core i7 7700HQ
126,7,2.8
126,8,8
126,9,1TB HDD
126,10,Nvidia
126,11,GeForce GTX 1050
126,12,Windows 10
126,13,2.2
127,2,Ultrabook
127,3,15.6
127,4,Full HD 1920x1080
127,5,Intel
127,6,Core i7 8550U
127,7,1.8
127,8,16
127,9,256GB SSD +  1TB HDD
127,10,Nvidia
127,11,GeForce MX150
127,12,Windows 10
127,13,1.5
128,2,Ultrabook
128,3,14.0
128,4,Full HD 1920x1080
128,5,Intel
128,6,Core i7 7500U
128,7,2.7
128,8,8
128,9,256GB SSD
128,10,Intel
128,11,HD Graphics 620
128,12,Windows 10
128,13,1.25
129,2,Notebook
129,3,14.0
129,4,1366x768
129,5,Intel
129,6,Celeron Dual Core N3350
129,7,1.1
129,8,4
129,9,32GB Flash Storage
129,10,Intel
129,11,HD Graphics 500
129,12,Windows 10
129,13,1.5
130,2,Gaming
130,3,17.3
130,4,IPS Panel Full HD 1920x1080
130,5,Intel
130,6,Core i7 6820HK
130,7,2.7
130,8,64
130,9,1TB SSD
130,10,Nvidia
130,11,GeForce GTX 980
130,12,Windows 10
130,13,3.58
131,2,Gaming
131,3,17.3
131,4,Full HD 1920x1080
131,5,Intel
131,6,Core i7 7700HQ
131,7,2.8
131,8,16
131,9,256GB SSD +  1TB HDD
131,10,Nvidia
131,11,GeForce GTX 1070
131,12,Windows 10
131,13,2.9
132,2,Notebook
132,3,17.3
132,4,Full HD 1920x1080
132,5,Intel
132,6,Core i3 6006U
132,7,2.0
132,8,4
132,9,1TB HDD
132,10,Nvidia
132,11,GeForce 920MX
132,12,Windows 10
132,13,2.0
133,2,Notebook
133,3,15.6
133,4,IPS Panel 4K Ultra HD 3840x2160
133,5,Intel
133,6,Core i7 6700HQ
133,7,2.6
133,8,12
133,9,128GB SSD +  1TB HDD
133,10,Intel
133,11,HD Graphics 530
133,12,Windows 10
133,13,2.06
134,2,Notebook
134,3,14.0
134,4,Full HD 1920x1080
134,5,Intel
134,6,Core i5 8250U
134,7,1.6
134,8,8
134,9,256GB SSD
134,10,Intel
134,11,UHD Graphics 620
134,12,Windows 10
134,13,1.4
135,2,Gaming
135,3,17.3
135,4,Full HD 1920x1080
135,5,AMD
135,6,Ryzen 1600
135,7,3.2
135,8,8
135,9,256GB SSD +  1TB HDD
135,10,AMD
135,11,Radeon RX 580
135,12,Windows 10
135,13,3.2
136,2,Notebook
136,3,15.6
136,4,1366x768
136,5,Intel
136,6,Core i3 7100U
136,7,2.4
136,8,4
136,9,1TB HDD
136,10,Intel
136,11,HD Graphics 620
136,12,Windows 10
136,13,2.37
137,2,Netbook
137,3,11.6
137,4,1366x768
137,5,Intel
137,6,Celeron Dual Core N3060
137,7,1.6
137,8,4
137,9,16GB Flash Storage
137,10,Intel
137,11,HD Graphics 400
137,12,Chrome OS
137,13,1.2
138,2,Notebook
138,3,15.6
138,4,1366x768
138,5,Intel
138,6,Pentium Quad Core N4200
138,7,1.1
138,8,4
138,9,1TB HDD
138,10,Intel
138,11,HD Graphics 505
138,12,Linux
138,13,2.0
139,2,Notebook
139,3,15.6
139,4,IPS Panel Full HD 1920x1080
139,5,Intel
139,6,Core i7 7500U
139,7,2.7
139,8,8
139,9,256GB SSD
139,10,Nvidia
139,11,GeForce GTX 930MX
139,12,Windows 10
139,13,2.3
140,2,Notebook
140,3,15.6
140,4,Full HD 1920x1080
140,5,AMD
140,6,A10-Series A10-9620P
140,7,2.5
140,8,4
140,9,128GB SSD +  1TB HDD
140,10,AMD
140,11,Radeon R5 M430
140,12,Windows 10
140,13,2.2
141,2,Notebook
141,3,14.0
141,4,1366x768
141,5,Intel
141,6,Celeron Dual Core N3350
141,7,1.1
141,8,4
141,9,32GB Flash Storage
141,10,Intel
141,11,HD Graphics 500
141,12,Windows 10
141,13,1.5
142,2,Notebook
142,3,15.6
142,4,Full HD 1920x1080
142,5,Intel
142,6,Core i5 7200U
142,7,2.5
142,8,8
142,9,1TB HDD
142,10,Intel
142,11,HD Graphics 620
142,12,Windows 10
142,13,2.37
143,2,Gaming
143,3,17.3
143,4,Full HD 1920x1080
143,5,Intel
143,6,Core i7 7700HQ
143,7,2.8
143,8,16
143,9,256GB SSD +  1TB HDD
143,10,Nvidia
143,11,GeForce GTX 1050 Ti
143,12,Windows 10
143,13,3.0
144,2,Gaming
144,3,17.3
144,4,IPS Panel Full HD 1920x1080
144,5,Intel
144,6,Core i7 6700HQ
144,7,2.6
144,8,16
144,9,512GB SSD +  1TB HDD
144,10,Nvidia
144,11,GeForce GTX 980M
144,12,Windows 10
144,13,4.3
145,2,Gaming
145,3,17.3
145,4,Full HD 1920x1080
145,5,Intel
145,6,Core i7 7700HQ
145,7,2.8
145,8,16
145,9,256GB SSD +  1TB HDD
145,10,Nvidia
145,11,GeForce GTX 980M
145,12,Windows 10
145,13,4.3
146,2,2 in 1 Convertible
146,3,13.3
146,4,Full HD / Touchscreen 1920x1080
146,5,Intel
146,6,Core i5 7200U
146,7,2.5
146,8,6
146,9,1TB HDD
146,10,Intel
146,11,HD Graphics 620
146,12,Windows 10
146,13,1.5
147,14,0
147,15,bionic
147,16,3110
147,17,4
147,18,64
147,19,6.1
147,20,60
147,21,2
147,22,ios
147,14,0
147,15,bionic
147,16,3110
147,17,4
147,18,128
147,19,6.1
147,20,60
147,21,2
147,22,ios
148,14,0
148,15,bionic
148,16,3500
148,17,4
148,18,64
148,19,6.5
148,20,60
148,21,3
148,22,ios
149,14,1
149,15,bionic
149,16,0
149,17,4
149,18,64
149,19,6.1
149,20,60
149,21,2
149,22,ios
149,14,1
149,15,bionic
149,16,0
149,17,4
149,18,128
149,19,6.1
149,20,60
149,21,2
149,22,ios
149,14,1
149,15,bionic
149,16,0
149,17,4
149,18,256
149,19,6.1
149,20,60
149,21,2
149,22,ios
150,14,1
150,15,bionic
150,16,0
150,17,4
150,18,64
150,19,5.4
150,20,60
150,21,2
150,22,ios
150,14,1
150,15,bionic
150,16,0
150,17,4
150,18,128
150,19,5.4
150,20,60
150,21,2
150,22,ios
150,14,1
150,15,bionic
150,16,0
150,17,4
150,18,256
150,19,5.4
150,20,60
150,21,2
150,22,ios
151,14,1
151,15,bionic
151,16,0
151,17,6
151,18,256
151,19,6.1
151,20,60
151,21,3
151,22,ios
151,14,1
151,15,bionic
151,16,0
151,17,6
151,18,512
151,19,6.1
151,20,60
151,21,3
151,22,ios
152,14,1
152,15,bionic
152,16,3240
152,17,4
152,18,128
152,19,6.1
152,20,60
152,21,2
152,22,ios
152,14,1
152,15,bionic
152,16,3240
152,17,4
152,18,256
152,19,6.1
152,20,60
152,21,2
152,22,ios
152,14,1
152,15,bionic
152,16,3240
152,17,4
152,18,512
152,19,6.1
152,20,60
152,21,2
152,22,ios
153,14,1
153,15,bionic
153,16,2438
153,17,4
153,18,128
153,19,5.4
153,20,60
153,21,2
153,22,ios
154,14,1
154,15,bionic
154,16,3095
154,17,6
154,18,128
154,19,6.1
154,20,120
154,21,3
154,22,ios
154,14,1
154,15,bionic
154,16,3095
154,17,6
154,18,1024
154,19,6.1
154,20,120
154,21,3
154,22,ios
154,14,1
154,15,bionic
154,16,3095
154,17,6
154,18,256
154,19,6.1
154,20,120
154,21,3
154,22,ios
155,14,1
155,15,bionic
155,16,4352
155,17,6
155,18,128
155,19,6.7
155,20,120
155,21,3
155,22,ios
155,14,1
155,15,bionic
155,16,4352
155,17,6
155,18,1024
155,19,6.7
155,20,120
155,21,3
155,22,ios
155,14,1
155,15,bionic
155,16,4352
155,17,6
155,18,256
155,19,6.7
155,20,120
155,21,3
155,22,ios
156,14,1
156,15,bionic
156,16,3279
156,17,6
156,18,128
156,19,6.1
156,20,60
156,21,2
156,22,ios
156,14,1
156,15,bionic
156,16,3279
156,17,6
156,18,256
156,19,6.1
156,20,60
156,21,2
156,22,ios
156,14,1
156,15,bionic
156,16,3279
156,17,6
156,18,512
156,19,6.1
156,20,60
156,21,2
156,22,ios
157,14,0
157,15,bionic
157,16,3500
157,17,6
157,18,128
157,19,5.42
157,20,60
157,21,2
157,22,ios
158,14,1
158,15,bionic
158,16,4325
158,17,6
158,18,128
158,19,6.7
158,20,60
158,21,2
158,22,ios
158,14,1
158,15,bionic
158,16,4325
158,17,6
158,18,256
158,19,6.7
158,20,60
158,21,2
158,22,ios
158,14,1
158,15,bionic
158,16,4325
158,17,6
158,18,512
158,19,6.7
158,20,60
158,21,2
158,22,ios
159,14,1
159,15,bionic
159,16,3200
159,17,6
159,18,128
159,19,6.1
159,20,120
159,21,3
159,22,ios
159,14,1
159,15,bionic
159,16,3200
159,17,6
159,18,1024
159,19,6.1
159,20,120
159,21,3
159,22,ios
159,14,1
159,15,bionic
159,16,3200
159,17,6
159,18,256
159,19,6.1
159,20,120
159,21,3
159,22,ios
160,14,1
160,15,bionic
160,16,4323
160,17,6
160,18,128
160,19,6.7
160,20,120
160,21,3
160,22,ios
160,14,1
160,15,bionic
160,16,4323
160,17,6
160,18,1024
160,19,6.7
160,20,120
160,21,3
160,22,ios
160,14,1
160,15,bionic
160,16,4323
160,17,6
160,18,256
160,19,6.7
160,20,120
160,21,3
160,22,ios
160,14,1
160,15,bionic
160,16,4323
160,17,6
160,18,512
160,19,6.7
160,20,120
160,21,3
160,22,ios
161,14,0
161,15,bionic
161,16,3285
161,17,6
161,18,128
161,19,6.06
161,20,60
161,21,2
161,22,ios
162,14,1
162,15,bionic
162,16,4532
162,17,8
162,18,128
162,19,6.71
162,20,120
162,21,2
162,22,ios
163,14,1
163,15,bionic
163,16,0
163,17,8
163,18,128
163,19,6.06
163,20,120
163,21,3
163,22,ios
164,14,1
164,15,bionic
164,16,4352
164,17,8
164,18,256
164,19,6.68
164,20,120
164,21,3
164,22,ios
165,14,1
165,15,bionic
165,16,4700
165,17,8
165,18,128
165,19,6.73
165,20,120
165,21,3
165,22,ios
166,14,1
166,15,dimensity
166,16,5160
166,17,8
166,18,128
166,19,6.67
166,20,120
166,21,3
166,22,android
167,14,1
167,15,dimensity
167,16,4500
167,17,6
167,18,128
167,19,6.67
167,20,120
167,21,3
167,22,android
167,14,1
167,15,dimensity
167,16,4500
167,17,8
167,18,128
167,19,6.67
167,20,120
167,21,3
167,22,android
168,14,1
168,15,snapdragon
168,16,5000
168,17,12
168,18,256
168,19,6.67
168,20,120
168,21,3
168,22,android
169,14,1
169,15,snapdragon
169,16,4300
169,17,6
169,18,128
169,19,6.55
169,20,120
169,21,3
169,22,android
170,14,1
170,15,snapdragon
170,16,4600
170,17,8
170,18,256
170,19,6.73
170,20,120
170,21,3
170,22,android
170,14,1
170,15,snapdragon
170,16,4600
170,17,12
170,18,256
170,19,6.73
170,20,120
170,21,3
170,22,android
171,14,1
171,15,snapdragon
171,16,4800
171,17,12
171,18,256
171,19,6.73
171,20,120
171,21,3
171,22,android
172,14,1
172,15,snapdragon
172,16,4860
172,17,8
172,18,256
172,19,6.73
172,20,120
172,21,3
172,22,android
173,14,1
173,15,dimensity
173,16,5000
173,17,8
173,18,128
173,19,6.67
173,20,120
173,21,3
173,22,android
174,14,1
174,15,snapdragon
174,16,5000
174,17,8
174,18,128
174,19,6.67
174,20,120
174,21,3
174,22,android
175,14,1
175,15,snapdragon
175,16,4500
175,17,8
175,18,128
175,19,6.36
175,20,120
175,21,3
175,22,android
176,14,1
176,15,snapdragon
176,16,4820
176,17,8
176,18,128
176,19,6.73
176,20,120
176,21,3
176,22,android
177,14,1
177,15,snapdragon
177,16,5000
177,17,12
177,18,256
177,19,6.6
177,20,120
177,21,4
177,22,android
178,14,1
178,15,snapdragon
178,16,5000
178,17,12
178,18,256
178,19,6.43
178,20,120
178,21,3
178,22,android
179,14,1
179,15,snapdragon
179,16,4500
179,17,8
179,18,128
179,19,6.55
179,20,120
179,21,3
179,22,android
180,14,1
180,15,dimensity
180,16,5000
180,17,8
180,18,256
180,19,6.7
180,20,120
180,21,3
180,22,android
181,14,1
181,15,snapdragon
181,16,4780
181,17,8
181,18,256
181,19,6.67
181,20,90
181,21,4
181,22,android
182,14,1
182,15,snapdragon
182,16,5000
182,17,6
182,18,128
182,19,6.67
182,20,144
182,21,3
182,22,android
183,14,1
183,15,snapdragon
183,16,5000
183,17,8
183,18,128
183,19,6.67
183,20,144
183,21,3
183,22,android
184,14,0
184,15,snapdragon
184,16,4250
184,17,8
184,18,128
184,19,6.55
184,20,90
184,21,3
184,22,android
185,14,1
185,15,snapdragon
185,16,4250
185,17,6
185,18,128
185,19,6.55
185,20,90
185,21,3
185,22,android
185,14,1
185,15,snapdragon
185,16,4250
185,17,8
185,18,128
185,19,6.55
185,20,90
185,21,3
185,22,android
186,14,1
186,15,dimensity
186,16,5160
186,17,6
186,18,128
186,19,6.67
186,20,120
186,21,3
186,22,android
187,14,1
187,15,snapdragon
187,16,5000
187,17,8
187,18,128
187,19,6.67
187,20,120
187,21,3
187,22,android
188,14,1
188,15,snapdragon
188,16,4520
188,17,6
188,18,128
188,19,6.67
188,20,120
188,21,3
188,22,android
189,14,1
189,15,snapdragon
189,16,4520
189,17,8
189,18,128
189,19,6.67
189,20,120
189,21,3
189,22,android
190,14,1
190,15,snapdragon
190,16,4520
190,17,8
190,18,128
190,19,6.67
190,20,120
190,21,3
190,22,android
191,14,1
191,15,snapdragon
191,16,4500
191,17,8
191,18,128
191,19,6.28
191,20,120
191,21,3
191,22,android
192,14,1
192,15,snapdragon
192,16,4050
192,17,12
192,18,512
192,19,7.92
192,20,60
192,21,3
192,22,android
193,14,1
193,15,snapdragon
193,16,5020
193,17,12
193,18,256
193,19,8.01
193,20,90
193,21,3
193,22,android
194,14,1
194,15,snapdragon
194,16,4500
194,17,12
194,18,256
194,19,8.02
194,20,120
194,21,3
194,22,android
195,14,0
195,15,snapdragon
195,16,4000
195,17,6
195,18,64
195,19,6.18
195,20,60
195,21,2
195,22,android
195,14,0
195,15,snapdragon
195,16,4000
195,17,6
195,18,128
195,19,6.18
195,20,60
195,21,2
195,22,android
196,14,0
196,15,snapdragon
196,16,6000
196,17,4
196,18,64
196,19,6.7
196,20,60
196,21,2
196,22,android
196,14,0
196,15,snapdragon
196,16,6000
196,17,6
196,18,128
196,19,6.7
196,20,60
196,21,2
196,22,android
197,14,0
197,15,snapdragon
197,16,6000
197,17,8
197,18,128
197,19,6.7
197,20,60
197,21,2
197,22,android
198,14,0
198,15,helio
198,16,6000
198,17,4
198,18,64
198,19,6.5
198,20,90
198,21,4
198,22,android
198,14,0
198,15,helio
198,16,6000
198,17,6
198,18,128
198,19,6.5
198,20,90
198,21,4
198,22,android
199,14,1
199,15,dimensity
199,16,5000
199,17,4
199,18,128
199,19,6.58
199,20,90
199,21,2
199,22,android
200,14,0
200,15,mediatek
200,16,3000
200,17,1
200,18,16
200,19,5.3
200,20,60
200,21,1
200,22,android
201,14,0
201,15,unisoc
201,16,5000
201,17,3
201,18,32
201,19,6.5
201,20,60
201,21,2
201,22,android
201,14,0
201,15,unisoc
201,16,5000
201,17,4
201,18,64
201,19,6.5
201,20,60
201,21,2
201,22,android
202,14,0
202,15,unisoc
202,16,5000
202,17,2
202,18,32
202,19,6.5
202,20,60
202,21,1
202,22,android
203,14,0
203,15,helio
203,16,5000
203,17,3
203,18,32
203,19,6.5
203,20,60
203,21,3
203,22,android
204,14,0
204,15,helio
204,16,5000
204,17,4
204,18,64
204,19,6.5
204,20,60
204,21,2
204,22,android
204,14,0
204,15,helio
204,16,5000
204,17,4
204,18,128
204,19,6.5
204,20,60
204,21,2
204,22,android
205,14,0
205,15,helio
205,16,5000
205,17,3
205,18,32
205,19,6.5
205,20,60
205,21,2
205,22,android
205,14,0
205,15,helio
205,16,5000
205,17,3
205,18,64
205,19,6.5
205,20,60
205,21,2
205,22,android
205,14,0
205,15,helio
205,16,5000
205,17,4
205,18,128
205,19,6.5
205,20,60
205,21,2
205,22,android
206,14,0
206,15,exynos
206,16,5000
206,17,4
206,18,64
206,19,6.5
206,20,90
206,21,3
206,22,android
206,14,0
206,15,exynos
206,16,5000
206,17,4
206,18,128
206,19,6.5
206,20,90
206,21,3
206,22,android
207,14,0
207,16,5000
207,17,4
207,18,64
207,19,6.5
207,20,60
207,21,2
207,22,android
208,14,0
208,16,4000
208,17,2
208,18,32
208,19,6.4
208,20,60
208,21,3
208,22,android
209,14,0
209,15,helio
209,16,5000
209,17,4
209,18,64
209,19,6.5
209,20,60
209,21,4
209,22,android
209,14,0
209,15,helio
209,16,5000
209,17,6
209,18,128
209,19,6.5
209,20,60
209,21,4
209,22,android
210,14,0
210,16,5000
210,17,4
210,18,64
210,19,6.6
210,20,60
210,21,4
210,22,android
210,14,0
210,16,5000
210,17,4
210,18,128
210,19,6.6
210,20,60
210,21,4
210,22,android
210,14,0
210,16,5000
210,17,6
210,18,128
210,19,6.6
210,20,60
210,21,4
210,22,android
211,14,1
211,15,dimensity
211,16,5000
211,17,4
211,18,64
211,19,6.5
211,20,90
211,21,3
211,22,android
212,14,1
212,15,exynos
212,16,5000
212,17,4
212,18,64
212,19,6.6
212,20,90
212,21,3
212,22,android
212,14,1
212,15,exynos
212,16,5000
212,17,6
212,18,128
212,19,6.6
212,20,90
212,21,3
212,22,android
212,14,1
212,15,exynos
212,16,5000
212,17,8
212,18,128
212,19,6.6
212,20,90
212,21,3
212,22,android
213,14,0
213,16,5000
213,17,6
213,18,64
213,19,6.5
213,20,60
213,21,3
213,22,android
214,14,0
214,15,exynos
214,16,5000
214,17,6
214,18,128
214,19,6.5
214,20,60
214,21,4
214,22,android
215,14,0
215,15,helio
215,16,5000
215,17,6
215,18,128
215,19,6.4
215,20,60
215,21,4
215,22,android
216,14,1
216,15,dimensity
216,16,5000
216,17,6
216,18,128
216,19,6.6
216,20,90
216,21,3
216,22,android
217,14,0
217,15,snapdragon
217,16,5000
217,17,6
217,18,128
217,19,6.6
217,20,60
217,21,4
217,22,android
217,14,0
217,15,snapdragon
217,16,5000
217,17,8
217,18,128
217,19,6.6
217,20,60
217,21,4
217,22,android
218,14,1
218,15,snapdragon
218,16,5000
218,17,6
218,18,128
218,19,6.6
218,20,120
218,21,4
218,22,android
218,14,1
218,15,snapdragon
218,16,5000
218,17,8
218,18,128
218,19,6.6
218,20,120
218,21,4
218,22,android
219,14,0
219,15,exynos
219,16,4000
219,17,6
219,18,64
219,19,6.4
219,20,60
219,21,3
219,22,android
220,14,0
220,15,helio
220,16,5000
220,17,6
220,18,128
220,19,6.4
220,20,90
220,21,4
220,22,android
220,14,0
220,15,helio
220,16,5000
220,17,8
220,18,128
220,19,6.4
220,20,90
220,21,4
220,22,android
221,14,1
221,15,dimensity
221,16,5000
221,17,6
221,18,128
221,19,6.5
221,20,90
221,21,4
221,22,android
222,14,1
222,15,exynos
222,16,5000
222,17,6
222,18,128
222,19,6.4
222,20,90
222,21,4
222,22,android
222,14,1
222,15,exynos
222,16,5000
222,17,8
222,18,128
222,19,6.4
222,20,90
222,21,4
222,22,android
223,14,1
223,15,exynos
223,16,5000
223,17,6
223,18,128
223,19,6.5
223,20,90
223,21,4
223,22,android
224,14,0
224,15,exynos
224,16,3100
224,17,4
224,18,64
224,19,5.9
224,20,60
224,21,2
224,22,android
225,14,0
225,15,exynos
225,16,4000
225,17,4
225,18,128
225,19,6.4
225,20,60
225,21,3
225,22,android
226,14,0
226,15,snapdragon
226,16,4500
226,17,8
226,18,128
226,19,6.38
226,20,60
226,21,4
226,22,android
227,14,1
227,15,snapdragon
227,16,4600
227,17,8
227,18,128
227,19,6.78
227,20,120
227,21,3
227,22,android
228,14,1
228,15,dimensity
228,16,4600
228,17,8
228,18,256
228,19,6.78
228,20,120
228,21,3
228,22,android
229,14,1
229,15,dimensity
229,16,5000
229,17,12
229,18,256
229,19,6.67
229,20,120
229,21,3
229,22,android
230,14,0
230,15,snapdragon
230,16,5000
230,17,4
230,18,128
230,19,6.44
230,20,60
230,21,3
230,22,android
230,14,0
230,15,snapdragon
230,16,5000
230,17,6
230,18,128
230,19,6.44
230,20,60
230,21,3
230,22,android
230,14,0
230,15,snapdragon
230,16,5000
230,17,8
230,18,128
230,19,6.44
230,20,60
230,21,3
230,22,android
231,14,1
231,15,snapdragon
231,16,5000
231,17,4
231,18,128
231,19,6.58
231,20,120
231,21,3
231,22,android
231,14,1
231,15,snapdragon
231,16,5000
231,17,6
231,18,128
231,19,6.58
231,20,120
231,21,3
231,22,android
231,14,1
231,15,snapdragon
231,16,5000
231,17,8
231,18,128
231,19,6.58
231,20,120
231,21,3
231,22,android
232,14,1
232,15,snapdragon
232,16,4700
232,17,6
232,18,128
232,19,6.44
232,20,90
232,21,3
232,22,android
233,14,1
233,15,snapdragon
233,16,4700
233,17,8
233,18,128
233,19,6.44
233,20,90
233,21,3
233,22,android
234,14,0
234,15,snapdragon
234,16,5000
234,17,4
234,18,128
234,19,6.58
234,20,90
234,21,2
234,22,android
234,14,0
234,15,snapdragon
234,16,5000
234,17,6
234,18,128
234,19,6.58
234,20,90
234,21,2
234,22,android
235,14,0
235,15,snapdragon
235,16,5000
235,17,4
235,18,64
235,19,6.58
235,20,90
235,21,2
235,22,android
236,14,1
236,15,snapdragon
236,16,4700
236,17,8
236,18,128
236,19,6.62
236,20,120
236,21,3
236,22,android
237,14,1
237,15,snapdragon
237,16,4500
237,17,8
237,18,128
237,19,6.44
237,20,90
237,21,3
237,22,android
238,14,1
238,15,dimensity
238,16,6000
238,17,8
238,18,128
238,19,6.58
238,20,120
238,21,2
238,22,android
239,14,1
239,15,snapdragon
239,16,4700
239,17,8
239,18,256
239,19,6.67
239,20,120
239,21,3
239,22,android
240,14,0
240,15,snapdragon
240,16,5000
240,17,4
240,18,64
240,19,6.53
240,20,60
240,21,3
240,22,android
240,14,0
240,15,snapdragon
240,16,5000
240,17,6
240,18,64
240,19,6.53
240,20,60
240,21,3
240,22,android
241,14,1
241,15,snapdragon
241,16,5000
241,17,6
241,18,64
241,19,6.58
241,20,90
241,21,2
241,22,android
242,14,0
242,15,helio
242,16,3315
242,17,4
242,18,128
242,19,6.3
242,20,60
242,21,2
242,22,android
243,14,0
243,15,snapdragon
243,16,3700
243,17,8
243,18,128
243,19,6.39
243,20,60
243,21,3
243,22,android
244,14,0
244,15,snapdragon
244,16,4500
244,17,8
244,18,256
244,19,6.44
244,20,60
244,21,4
244,22,android
245,14,0
245,15,snapdragon
245,16,4000
245,17,8
245,18,128
245,19,6.44
245,20,60
245,21,3
245,22,android
246,14,1
246,15,snapdragon
246,16,4000
246,17,8
246,18,128
246,19,6.44
246,20,60
246,21,3
246,22,android
247,14,0
247,15,snapdragon
247,16,4100
247,17,8
247,18,128
247,19,6.44
247,20,60
247,21,3
247,22,android
248,14,0
248,15,dimensity
248,16,4000
248,17,8
248,18,128
248,19,6.44
248,20,90
248,21,3
248,22,android
249,14,1
249,15,dimensity
249,16,4000
249,17,8
249,18,128
249,19,6.44
249,20,90
249,21,3
249,22,android
250,14,1
250,15,snapdragon
250,16,4300
250,17,8
250,18,128
250,19,6.44
250,20,60
250,21,4
250,22,android
251,14,1
251,15,dimensity
251,16,4000
251,17,8
251,18,128
251,19,6.44
251,20,90
251,21,3
251,22,android
252,14,1
252,15,dimensity
252,16,4200
252,17,8
252,18,128
252,19,6.44
252,20,90
252,21,3
252,22,android
252,14,1
252,15,dimensity
252,16,4200
252,17,12
252,18,256
252,19,6.44
252,20,90
252,21,3
252,22,android
253,14,1
253,15,dimensity
253,16,4300
253,17,8
253,18,128
253,19,6.56
253,20,90
253,21,3
253,22,android
253,14,1
253,15,dimensity
253,16,4300
253,17,12
253,18,256
253,19,6.56
253,20,90
253,21,3
253,22,android
254,14,0
254,15,helio
254,16,4050
254,17,8
254,18,128
254,19,6.44
254,20,60
254,21,3
254,22,android
255,14,1
255,15,dimensity
255,16,4050
255,17,8
255,18,128
255,19,6.44
255,20,60
255,21,3
255,22,android
256,14,1
256,15,dimensity
256,16,4500
256,17,12
256,18,256
256,19,6.44
256,20,90
256,21,3
256,22,android
257,14,1
257,15,dimensity
257,16,4500
257,17,8
257,18,128
257,19,6.44
257,20,90
257,21,3
257,22,android
258,14,0
258,15,helio
258,16,5000
258,17,4
258,18,64
258,19,6.4
258,20,90
258,21,2
258,22,android
258,14,0
258,15,helio
258,16,5000
258,17,8
258,18,128
258,19,6.4
258,20,90
258,21,2
258,22,android
259,14,1
259,15,dimensity
259,16,5000
259,17,8
259,18,128
259,19,6.6
259,20,90
259,21,3
259,22,android
260,14,1
260,15,snapdragon
260,16,5000
260,17,6
260,18,128
260,19,6.72
260,20,120
260,21,2
260,22,android
260,14,1
260,15,snapdragon
260,16,5000
260,17,8
260,18,128
260,19,6.72
260,20,120
260,21,2
260,22,android
261,14,1
261,15,dimensity
261,16,5000
261,17,6
261,18,128
261,19,6.7
261,20,120
261,21,3
261,22,android
261,14,1
261,15,dimensity
261,16,5000
261,17,8
261,18,256
261,19,6.7
261,20,120
261,21,3
261,22,android
262,14,1
262,15,dimensity
262,16,5000
262,17,8
262,18,128
262,19,6.6
262,20,90
262,21,2
262,22,android
263,14,1
263,15,snapdragon
263,16,5000
263,17,6
263,18,128
263,19,6.4
263,20,120
263,21,3
263,22,android
264,14,1
264,15,dimensity
264,16,4200
264,17,6
264,18,128
264,19,6.4
264,20,90
264,21,3
264,22,android
265,14,0
265,15,helio
265,16,4300
265,17,6
265,18,64
265,19,6.5
265,20,90
265,21,4
265,22,android
266,14,0
266,15,snapdragon
266,16,4300
266,17,6
266,18,64
266,19,6.6
266,20,90
266,21,4
266,22,android
267,14,0
267,15,snapdragon
267,16,4500
267,17,8
267,18,128
267,19,6.4
267,20,60
267,21,4
267,22,android
268,14,0
268,15,helio
268,16,5000
268,17,4
268,18,128
268,19,6.4
268,20,60
268,21,4
268,22,android
268,14,0
268,15,helio
268,16,5000
268,17,8
268,18,128
268,19,6.4
268,20,60
268,21,4
268,22,android
269,14,1
269,15,dimensity
269,16,5000
269,17,4
269,18,128
269,19,6.5
269,20,90
269,21,3
269,22,android
269,14,1
269,15,dimensity
269,16,5000
269,17,8
269,18,128
269,19,6.5
269,20,90
269,21,3
269,22,android
270,14,0
270,15,helio
270,16,5000
270,17,4
270,18,64
270,19,6.6
270,20,120
270,21,3
270,22,android
270,14,0
270,15,helio
270,16,5000
270,17,6
270,18,128
270,19,6.6
270,20,120
270,21,3
270,22,android
271,14,1
271,15,dimensity
271,16,5000
271,17,6
271,18,128
271,19,6.5
271,20,90
271,21,3
271,22,android
271,14,1
271,15,dimensity
271,16,5000
271,17,8
271,18,128
271,19,6.5
271,20,90
271,21,3
271,22,android
272,14,0
272,15,snapdragon
272,16,5000
272,17,6
272,18,128
272,19,6.4
272,20,90
272,21,3
272,22,android
272,14,0
272,15,snapdragon
272,16,5000
272,17,8
272,18,128
272,19,6.4
272,20,90
272,21,3
272,22,android
273,14,1
273,15,dimensity
273,16,5000
273,17,4
273,18,64
273,19,6.5
273,20,90
273,21,3
273,22,android
273,14,1
273,15,dimensity
273,16,5000
273,17,6
273,18,128
273,19,6.5
273,20,90
273,21,3
273,22,android
274,14,1
274,15,snapdragon
274,16,5000
274,17,6
274,18,128
274,19,6.6
274,20,144
274,21,3
274,22,android
274,14,1
274,15,snapdragon
274,16,5000
274,17,8
274,18,128
274,19,6.6
274,20,144
274,21,3
274,22,android
275,14,1
275,15,snapdragon
275,16,5000
275,17,6
275,18,128
275,19,6.6
275,20,120
275,21,3
275,22,android
275,14,1
275,15,snapdragon
275,16,5000
275,17,8
275,18,128
275,19,6.6
275,20,120
275,21,3
275,22,android
276,14,1
276,15,dimensity
276,16,4500
276,17,6
276,18,128
276,19,6.4
276,20,90
276,21,3
276,22,android
276,14,1
276,15,dimensity
276,16,4500
276,17,8
276,18,128
276,19,6.4
276,20,90
276,21,3
276,22,android
276,14,1
276,15,dimensity
276,16,4500
276,17,8
276,18,256
276,19,6.4
276,20,90
276,21,3
276,22,android
277,14,0
277,15,snapdragon
277,16,5000
277,17,4
277,18,64
277,19,6.6
277,20,90
277,21,3
277,22,android
277,14,0
277,15,snapdragon
277,16,5000
277,17,4
277,18,128
277,19,6.6
277,20,90
277,21,3
277,22,android
277,14,0
277,15,snapdragon
277,16,5000
277,17,6
277,18,128
277,19,6.6
277,20,90
277,21,3
277,22,android
278,14,1
278,15,dimensity
278,16,5000
278,17,4
278,18,64
278,19,6.6
278,20,90
278,21,3
278,22,android
278,14,1
278,15,dimensity
278,16,5000
278,17,6
278,18,128
278,19,6.6
278,20,90
278,21,3
278,22,android
279,14,0
279,15,helio
279,16,4000
279,17,2
279,18,16
279,19,6.2
279,20,60
279,21,2
279,22,android
280,14,0
280,15,helio
280,16,5000
280,17,2
280,18,32
280,19,6.5
280,20,60
280,21,2
280,22,android
281,14,0
281,15,sc9863a
281,16,5000
281,17,2
281,18,32
281,19,6.52
281,20,60
281,21,1
281,22,android
